week;lakes;po;gr;tqg;dm1;dm2;dm3;dm4;seas1;seas2;seas3;seas4;seas5;seas6;seas7;seas8;seas9;seas10;seas11;seas12
1;0;1;.4;13632;0;0;0;0;1;0;0;0;0;0;0;0;0;0;0;0
2;0;1;.4;20035;0;0;0;0;1;0;0;0;0;0;0;0;0;0;0;0
3;0;1;.4;16319;0;0;0;0;1;0;0;0;0;0;0;0;0;0;0;0
4;0;1;.4;12603;0;0;0;0;1;0;0;0;0;0;0;0;0;0;0;0
5;0;1;.4;23079;0;0;0;0;0;1;0;0;0;0;0;0;0;0;0;0
6;0;1;.4;19652;0;0;0;0;0;1;0;0;0;0;0;0;0;0;0;0
7;0;1;.4;16211;0;0;0;0;0;1;0;0;0;0;0;0;0;0;0;0
8;0;1;.4;22914;0;0;0;0;0;1;0;0;0;0;0;0;0;0;0;0
9;0;1;.4;23710;0;0;0;0;0;0;1;0;0;0;0;0;0;0;0;0
10;0;1;.35;23036;0;0;0;0;0;0;1;0;0;0;0;0;0;0;0;0
11;0;1;.35;38414;0;0;0;0;0;0;1;0;0;0;0;0;0;0;0;0
12;0;1;.35;46906;0;0;0;0;0;0;1;0;0;0;0;0;0;0;0;0
13;0;1;.35;58608;0;0;0;0;0;0;0;1;0;0;0;0;0;0;0;0
14;0;1;.35;51225;0;0;0;0;0;0;0;1;0;0;0;0;0;0;0;0
15;1;1;.35;37339;0;0;0;0;0;0;0;1;0;0;0;0;0;0;0;0
16;1;1;.3;20298;0;0;0;0;0;0;0;1;0;0;0;0;0;0;0;0
17;1;1;.3;13699;0;0;0;0;0;0;0;0;1;0;0;0;0;0;0;0
18;1;1;.3;11944;0;0;0;0;0;0;0;0;1;0;0;0;0;0;0;0
19;1;1;.3;10658;0;0;0;0;0;0;0;0;1;0;0;0;0;0;0;0
20;1;1;.3;9756;0;0;0;0;0;0;0;0;1;0;0;0;0;0;0;0
21;1;1;.3;9546;0;0;0;0;0;0;0;0;0;1;0;0;0;0;0;0
22;1;1;.3;16713;0;0;0;0;0;0;0;0;0;1;0;0;0;0;0;0
23;1;1;.3;16389;0;0;0;0;0;0;0;0;0;1;0;0;0;0;0;0
24;1;1;.3;23179;0;0;0;0;0;0;0;0;0;1;0;0;0;0;0;0
25;1;1;.3;34999;0;0;0;0;0;0;0;0;0;0;1;0;0;0;0;0
26;1;1;.3;35267;0;0;0;0;0;0;0;0;0;0;1;0;0;0;0;0
27;1;1;.3;20402;0;0;0;0;0;0;0;0;0;0;1;0;0;0;0;0
28;1;1;.3;21020;1;0;0;0;0;0;0;0;0;0;1;0;0;0;0;0
29;1;1;.3;16612;1;0;0;0;0;0;0;0;0;0;0;1;0;0;0;0
30;1;1;.3;14834;1;0;0;0;0;0;0;0;0;0;0;1;0;0;0;0
31;1;1;.3;11149;1;0;0;0;0;0;0;0;0;0;0;1;0;0;0;0
32;1;1;.3;16035;1;0;0;0;0;0;0;0;0;0;0;1;0;0;0;0
33;1;1;.3;18555;1;0;0;0;0;0;0;0;0;0;0;0;1;0;0;0
34;1;1;.3;17413;1;0;0;0;0;0;0;0;0;0;0;0;1;0;0;0
35;1;1;.3;19412;1;0;0;0;0;0;0;0;0;0;0;0;1;0;0;0
36;1;1;.3;20240;1;0;0;0;0;0;0;0;0;0;0;0;1;0;0;0
37;1;1;.3;11824;1;0;0;0;0;0;0;0;0;0;0;0;0;1;0;0
38;1;1;.3;17793;1;0;0;0;0;0;0;0;0;0;0;0;0;1;0;0
39;1;1;.3;20157;1;0;0;0;0;0;0;0;0;0;0;0;0;1;0;0
40;1;1;.3;18623;1;0;0;0;0;0;0;0;0;0;0;0;0;1;0;0
41;1;1;.3;19062;1;0;0;0;0;0;0;0;0;0;0;0;0;0;1;0
42;1;1;.3;20840;1;0;0;0;0;0;0;0;0;0;0;0;0;0;1;0
43;1;1;.3;18972;1;0;0;0;0;0;0;0;0;0;0;0;0;0;1;0
44;1;1;.3;19690;1;0;0;0;0;0;0;0;0;0;0;0;0;0;1;0
45;1;1;.3;20206;1;0;0;0;0;0;0;0;0;0;0;0;0;0;0;1
46;1;1;.3;23081;1;0;0;0;0;0;0;0;0;0;0;0;0;0;0;1
47;1;1;.3;21209;1;0;0;0;0;0;0;0;0;0;0;0;0;0;0;1
48;1;1;.35;13753;1;0;0;0;0;0;0;0;0;0;0;0;0;0;0;1
49;0;1;.35;14956;1;0;0;0;0;0;0;0;0;0;0;0;0;0;0;0
50;0;1;.35;13295;1;0;0;0;0;0;0;0;0;0;0;0;0;0;0;0
51;0;1;.35;16935;1;0;0;0;0;0;0;0;0;0;0;0;0;0;0;0
52;0;1;.35;24499;1;0;0;0;0;0;0;0;0;0;0;0;0;0;0;0
53;0;1;.35;20078;1;0;0;0;1;0;0;0;0;0;0;0;0;0;0;0
54;0;1;.35;24144;1;0;0;0;1;0;0;0;0;0;0;0;0;0;0;0
55;0;1;.35;26157;1;0;0;0;1;0;0;0;0;0;0;0;0;0;0;0
56;0;1;.35;22055;1;0;0;0;1;0;0;0;0;0;0;0;0;0;0;0
57;0;1;.35;21973;1;0;0;0;0;1;0;0;0;0;0;0;0;0;0;0
58;0;1;.35;23794;1;0;0;0;0;1;0;0;0;0;0;0;0;0;0;0
59;0;1;.35;23116;1;0;0;0;0;1;0;0;0;0;0;0;0;0;0;0
60;0;1;.35;23578;1;0;0;0;0;1;0;0;0;0;0;0;0;0;0;0
61;0;1;.35;21568;1;0;0;0;0;0;1;0;0;0;0;0;0;0;0;0
62;0;0;.35;17494;1;0;0;0;0;0;1;0;0;0;0;0;0;0;0;0
63;0;0;.35;16260;1;0;0;0;0;0;1;0;0;0;0;0;0;0;0;0
64;0;0;.35;26690;1;0;0;0;0;0;1;0;0;0;0;0;0;0;0;0
65;0;0;.35;21723;1;0;0;0;0;0;0;1;0;0;0;0;0;0;0;0
66;0;0;.35;30625;1;0;0;0;0;0;0;1;0;0;0;0;0;0;0;0
67;0;0;.35;36619;1;0;0;0;0;0;0;1;0;0;0;0;0;0;0;0
68;0;0;.3;42182;1;0;0;0;0;0;0;1;0;0;0;0;0;0;0;0
69;0;0;.25;47432;1;0;0;0;0;0;0;0;1;0;0;0;0;0;0;0
70;0;1;.3;43822;1;0;0;0;0;0;0;0;1;0;0;0;0;0;0;0
71;0;1;.3;36458;1;0;0;0;0;0;0;0;1;0;0;0;0;0;0;0
72;0;1;.3;29093;1;0;0;0;0;0;0;0;1;0;0;0;0;0;0;0
73;1;1;.3;21729;1;0;0;0;0;0;0;0;0;1;0;0;0;0;0;0
74;1;1;.3;21265;1;0;0;0;0;0;0;0;0;1;0;0;0;0;0;0
75;1;1;.3;18505;1;0;0;0;0;0;0;0;0;1;0;0;0;0;0;0
76;1;0;.3;14540;1;0;0;0;0;0;0;0;0;1;0;0;0;0;0;0
77;1;0;.3;19366;1;0;0;0;0;0;0;0;0;0;1;0;0;0;0;0
78;1;0;.25;55732;1;0;0;0;0;0;0;0;0;0;1;0;0;0;0;0
79;1;0;.15;42346;1;0;0;0;0;0;0;0;0;0;1;0;0;0;0;0
80;1;0;.15;28960;1;0;0;0;0;0;0;0;0;0;1;0;0;0;0;0
81;1;0;.15;30434;1;0;0;0;0;0;0;0;0;0;0;1;0;0;0;0
82;1;0;.15;26139;1;0;0;0;0;0;0;0;0;0;0;1;0;0;0;0
83;1;0;.15;31075;1;0;0;0;0;0;0;0;0;0;0;1;0;0;0;0
84;1;0;.15;29433;1;0;0;0;0;0;0;0;0;0;0;1;0;0;0;0
85;1;0;.15;29136;1;0;0;0;0;0;0;0;0;0;0;0;1;0;0;0
86;1;0;.15;31126;1;0;0;0;0;0;0;0;0;0;0;0;1;0;0;0
87;1;0;.15;35384;1;0;0;0;0;0;0;0;0;0;0;0;1;0;0;0
88;1;0;.15;36701;1;0;0;0;0;0;0;0;0;0;0;0;1;0;0;0
89;1;0;.15;37771;1;0;0;0;0;0;0;0;0;0;0;0;0;1;0;0
90;1;0;.15;38247;1;0;0;0;0;0;0;0;0;0;0;0;0;1;0;0
91;1;0;.15;39518;1;0;0;0;0;0;0;0;0;0;0;0;0;1;0;0
92;1;0;.15;30603;1;0;0;0;0;0;0;0;0;0;0;0;0;1;0;0
93;1;0;.125;28383;1;0;0;0;0;0;0;0;0;0;0;0;0;0;1;0
94;1;0;.125;24678;1;0;0;0;0;0;0;0;0;0;0;0;0;0;1;0
95;1;0;.125;27839;1;0;0;0;0;0;0;0;0;0;0;0;0;0;1;0
96;1;0;.125;26767;1;0;0;0;0;0;0;0;0;0;0;0;0;0;1;0
97;1;0;.125;24041;1;0;0;0;0;0;0;0;0;0;0;0;0;0;0;1
98;1;0;.2;23355;1;0;0;0;0;0;0;0;0;0;0;0;0;0;0;1
99;1;0;.2;26491;1;0;0;0;0;0;0;0;0;0;0;0;0;0;0;1
100;1;0;.2;20900;1;0;0;0;0;0;0;0;0;0;0;0;0;0;0;1
101;0;0;.2;26410;1;0;0;0;0;0;0;0;0;0;0;0;0;0;0;0
102;0;0;.2;26195;1;0;0;0;0;0;0;0;0;0;0;0;0;0;0;0
103;0;0;.2;22427;1;0;0;0;0;0;0;0;0;0;0;0;0;0;0;0
104;0;0;.125;27535;1;0;0;0;0;0;0;0;0;0;0;0;0;0;0;0
105;0;0;.125;25738;1;0;0;0;1;0;0;0;0;0;0;0;0;0;0;0
106;0;0;.125;23429;1;0;0;0;1;0;0;0;0;0;0;0;0;0;0;0
107;0;0;.125;32745;1;0;0;0;1;0;0;0;0;0;0;0;0;0;0;0
108;0;0;.125;37950;1;0;0;0;1;0;0;0;0;0;0;0;0;0;0;0
109;0;1;.2;41466;1;0;0;0;0;1;0;0;0;0;0;0;0;0;0;0
110;0;1;.2;49276;1;0;0;0;0;1;0;0;0;0;0;0;0;0;0;0
111;0;1;.2;37850;1;0;0;0;0;1;0;0;0;0;0;0;0;0;0;0
112;0;1;.2;32893;1;0;0;0;0;1;0;0;0;0;0;0;0;0;0;0
113;0;1;.2;24410;1;0;0;0;0;0;1;0;0;0;0;0;0;0;0;0
114;0;1;.2;15104;1;0;0;0;0;0;1;0;0;0;0;0;0;0;0;0
115;0;1;.2;13819;1;0;0;0;0;0;1;0;0;0;0;0;0;0;0;0
116;0;1;.25;22959;1;0;0;0;0;0;1;0;0;0;0;0;0;0;0;0
117;0;1;.25;14486;1;0;0;0;0;0;0;1;0;0;0;0;0;0;0;0
118;0;1;.25;15254;1;0;0;0;0;0;0;1;0;0;0;0;0;0;0;0
119;0;1;.25;16607;1;0;0;0;0;0;0;1;0;0;0;0;0;0;0;0
120;1;1;.25;17475;1;0;0;0;0;0;0;1;0;0;0;0;0;0;0;0
121;1;1;.25;12704;1;0;0;0;0;0;0;0;1;0;0;0;0;0;0;0
122;1;1;.25;14399;1;0;0;0;0;0;0;0;1;0;0;0;0;0;0;0
123;1;1;.25;12023;1;0;0;0;0;0;0;0;1;0;0;0;0;0;0;0
124;1;1;.25;9626;1;0;0;0;0;0;0;0;1;0;0;0;0;0;0;0
125;1;1;.25;6482;1;0;0;0;0;0;0;0;0;1;0;0;0;0;0;0
126;1;1;.25;10520;1;0;0;0;0;0;0;0;0;1;0;0;0;0;0;0
127;1;1;.25;12588;1;0;0;0;0;0;0;0;0;1;0;0;0;0;0;0
128;1;1;.25;12468;1;0;0;0;0;0;0;0;0;1;0;0;0;0;0;0
129;1;1;.25;10930;1;0;0;0;0;0;0;0;0;0;1;0;0;0;0;0
130;1;1;.25;10997;1;0;0;0;0;0;0;0;0;0;1;0;0;0;0;0
131;1;1;.25;8618;1;0;0;0;0;0;0;0;0;0;1;0;0;0;0;0
132;1;1;.25;4810;1;0;0;0;0;0;0;0;0;0;1;0;0;0;0;0
133;1;1;.25;5832;1;0;0;0;0;0;0;0;0;0;0;1;0;0;0;0
134;1;1;.25;8536;1;0;0;0;0;0;0;0;0;0;0;1;0;0;0;0
135;1;1;.25;11204;1;0;0;0;0;0;0;0;0;0;0;1;0;0;0;0
136;1;1;.25;10591;1;0;0;0;0;0;0;0;0;0;0;1;0;0;0;0
137;1;1;.25;9978;1;0;0;0;0;0;0;0;0;0;0;0;1;0;0;0
138;1;1;.25;9374;1;0;0;0;0;0;0;0;0;0;0;0;1;0;0;0
139;1;1;.25;19466;1;0;0;0;0;0;0;0;0;0;0;0;1;0;0;0
140;1;1;.25;23085;1;0;0;0;0;0;0;0;0;0;0;0;1;0;0;0
141;1;1;.25;18981;1;0;0;0;0;0;0;0;0;0;0;0;0;1;0;0
142;1;1;.25;16595;1;0;0;0;0;0;0;0;0;0;0;0;0;1;0;0
143;1;1;.25;13182;1;0;0;0;0;0;0;0;0;0;0;0;0;1;0;0
144;1;1;.25;11626;1;0;0;0;0;0;0;0;0;0;0;0;0;1;0;0
145;1;1;.25;12996;1;0;0;0;0;0;0;0;0;0;0;0;0;0;1;0
146;1;1;.25;14852;1;0;0;0;0;0;0;0;0;0;0;0;0;0;1;0
147;1;1;.25;11508;1;0;0;0;0;0;0;0;0;0;0;0;0;0;1;0
148;1;1;.25;12996;1;0;0;0;0;0;0;0;0;0;0;0;0;0;1;0
149;1;1;.25;17942;1;0;0;0;0;0;0;0;0;0;0;0;0;0;0;1
150;1;1;.25;15498;1;0;0;0;0;0;0;0;0;0;0;0;0;0;0;1
151;1;1;.25;18121;1;0;0;0;0;0;0;0;0;0;0;0;0;0;0;1
152;1;1;.25;17914;1;0;0;0;0;0;0;0;0;0;0;0;0;0;0;1
153;0;1;.3;21217;1;0;0;0;0;0;0;0;0;0;0;0;0;0;0;0
154;0;1;.3;22418;1;0;0;0;0;0;0;0;0;0;0;0;0;0;0;0
155;0;1;.3;26230;1;0;0;0;0;0;0;0;0;0;0;0;0;0;0;0
156;0;1;.3;26458;1;0;0;0;0;0;0;0;0;0;0;0;0;0;0;0
157;0;1;.3;36168;1;0;0;0;1;0;0;0;0;0;0;0;0;0;0;0
158;0;1;.3;30721;1;0;0;0;1;0;0;0;0;0;0;0;0;0;0;0
159;0;1;.3;41071;1;0;0;0;1;0;0;0;0;0;0;0;0;0;0;0
160;0;1;.3;28865;1;0;0;0;1;0;0;0;0;0;0;0;0;0;0;0
161;0;1;.3;29221;1;0;0;0;0;1;0;0;0;0;0;0;0;0;0;0
162;0;1;.3;22245;1;0;0;0;0;1;0;0;0;0;0;0;0;0;0;0
163;0;1;.3;20377;1;0;0;0;0;1;0;0;0;0;0;0;0;0;0;0
164;0;0;.3;36343;1;0;0;0;0;1;0;0;0;0;0;0;0;0;0;0
165;0;1;.3;33227;1;0;0;0;0;0;1;0;0;0;0;0;0;0;0;0
166;0;1;.3;33806;1;0;0;0;0;0;1;0;0;0;0;0;0;0;0;0
167;0;1;.3;43998;0;1;0;0;0;0;1;0;0;0;0;0;0;0;0;0
168;0;1;.3;45342;0;1;0;0;0;0;1;0;0;0;0;0;0;0;0;0
169;0;1;.3;45659;0;1;0;0;0;0;0;1;0;0;0;0;0;0;0;0
170;0;1;.3;30864;0;1;0;0;0;0;0;1;0;0;0;0;0;0;0;0
171;0;1;.3;16522;0;1;0;0;0;0;0;1;0;0;0;0;0;0;0;0
172;1;1;.3;20085;0;1;0;0;0;0;0;1;0;0;0;0;0;0;0;0
173;1;0;.25;18262;0;1;0;0;0;0;0;0;1;0;0;0;0;0;0;0
174;1;0;.25;19415;0;1;0;0;0;0;0;0;1;0;0;0;0;0;0;0
175;1;1;.25;22792;0;1;0;0;0;0;0;0;1;0;0;0;0;0;0;0
176;1;1;.25;23903;0;1;0;0;0;0;0;0;1;0;0;0;0;0;0;0
177;1;1;.25;14761;0;1;0;0;0;0;0;0;0;1;0;0;0;0;0;0
178;1;1;.25;10901;0;1;0;0;0;0;0;0;0;1;0;0;0;0;0;0
179;1;1;.25;14868;0;1;0;0;0;0;0;0;0;1;0;0;0;0;0;0
180;1;1;.25;17271;0;1;0;0;0;0;0;0;0;1;0;0;0;0;0;0
181;1;1;.25;16179;0;1;0;0;0;0;0;0;0;0;1;0;0;0;0;0
182;1;1;.25;15576;0;0;1;0;0;0;0;0;0;0;1;0;0;0;0;0
183;1;1;.25;12292;0;0;1;0;0;0;0;0;0;0;1;0;0;0;0;0
184;1;1;.25;7627;0;0;1;0;0;0;0;0;0;0;1;0;0;0;0;0
185;1;1;.25;9888;0;0;1;0;0;0;0;0;0;0;0;1;0;0;0;0
186;1;1;.25;11080;0;0;1;0;0;0;0;0;0;0;0;1;0;0;0;0
187;1;1;.25;13782;0;0;1;0;0;0;0;0;0;0;0;1;0;0;0;0
188;1;1;.25;15181;0;0;1;0;0;0;0;0;0;0;0;1;0;0;0;0
189;1;1;.25;11906;0;0;1;0;0;0;0;0;0;0;0;0;1;0;0;0
190;1;1;.25;14763;0;0;1;0;0;0;0;0;0;0;0;0;1;0;0;0
191;1;1;.25;22934;0;0;1;0;0;0;0;0;0;0;0;0;1;0;0;0
192;1;0;.25;23252;0;0;1;0;0;0;0;0;0;0;0;0;1;0;0;0
193;1;0;.2;25164;0;0;1;0;0;0;0;0;0;0;0;0;0;1;0;0
194;1;1;.2;33879;0;0;1;0;0;0;0;0;0;0;0;0;0;1;0;0
195;1;1;.25;32428;0;0;1;0;0;0;0;0;0;0;0;0;0;1;0;0
196;1;1;.25;31256;0;0;1;0;0;0;0;0;0;0;0;0;0;1;0;0
197;1;1;.25;27805;0;0;1;0;0;0;0;0;0;0;0;0;0;0;1;0
198;1;1;.25;34663;0;0;1;0;0;0;0;0;0;0;0;0;0;0;1;0
199;1;1;.25;30187;0;0;1;0;0;0;0;0;0;0;0;0;0;0;1;0
200;1;1;.25;27277;0;0;1;0;0;0;0;0;0;0;0;0;0;0;1;0
201;1;1;.25;29521;0;0;1;0;0;0;0;0;0;0;0;0;0;0;0;1
202;1;1;.25;31280;0;0;1;0;0;0;0;0;0;0;0;0;0;0;0;1
203;1;1;.25;30601;0;0;1;0;0;0;0;0;0;0;0;0;0;0;0;1
204;1;1;.25;31553;0;0;1;0;0;0;0;0;0;0;0;0;0;0;0;1
205;0;1;.3;42735;0;0;1;0;0;0;0;0;0;0;0;0;0;0;0;0
206;0;1;.3;28241;0;0;1;0;0;0;0;0;0;0;0;0;0;0;0;0
207;0;1;.3;29221;0;0;1;0;0;0;0;0;0;0;0;0;0;0;0;0
208;0;1;.3;27894;0;0;1;0;0;0;0;0;0;0;0;0;0;0;0;0
209;0;1;.3;21911;0;0;1;0;1;0;0;0;0;0;0;0;0;0;0;0
210;0;1;.3;16685;0;0;1;0;1;0;0;0;0;0;0;0;0;0;0;0
211;0;1;.2;23504;0;0;1;0;1;0;0;0;0;0;0;0;0;0;0;0
212;0;1;.3;41210;0;0;1;0;1;0;0;0;0;0;0;0;0;0;0;0
213;0;1;.3;35058;0;0;1;0;0;1;0;0;0;0;0;0;0;0;0;0
214;0;1;.3;27065;0;0;1;0;0;1;0;0;0;0;0;0;0;0;0;0
215;0;0;.3;29404;0;0;1;0;0;1;0;0;0;0;0;0;0;0;0;0
216;0;0;.3;25269;0;0;1;0;0;1;0;0;0;0;0;0;0;0;0;0
217;0;0;.3;29219;0;0;1;0;0;0;1;0;0;0;0;0;0;0;0;0
218;0;0;.3;29291;0;0;1;0;0;0;1;0;0;0;0;0;0;0;0;0
219;0;0;.3;29217;0;0;1;0;0;0;1;0;0;0;0;0;0;0;0;0
220;0;0;.3;32643;0;0;1;0;0;0;1;0;0;0;0;0;0;0;0;0
221;0;0;.2;37902;0;0;1;0;0;0;0;1;0;0;0;0;0;0;0;0
222;0;0;.15;53282;0;0;1;0;0;0;0;1;0;0;0;0;0;0;0;0
223;0;0;.15;70793;0;0;1;0;0;0;0;1;0;0;0;0;0;0;0;0
224;0;0;.15;76407;0;0;1;0;0;0;0;1;0;0;0;0;0;0;0;0
225;0;0;.15;65944;0;0;1;0;0;0;0;0;1;0;0;0;0;0;0;0
226;0;0;.15;51242;0;0;1;0;0;0;0;0;1;0;0;0;0;0;0;0
227;1;0;.15;42464;0;0;1;0;0;0;0;0;1;0;0;0;0;0;0;0
228;1;0;.15;36603;0;0;1;0;0;0;0;0;1;0;0;0;0;0;0;0
229;1;0;.15;32376;0;0;1;0;0;0;0;0;0;1;0;0;0;0;0;0
230;1;0;.15;37927;0;0;1;0;0;0;0;0;0;1;0;0;0;0;0;0
231;1;0;.15;37905;0;0;1;0;0;0;0;0;0;1;0;0;0;0;0;0
232;1;0;.15;34782;0;0;1;0;0;0;0;0;0;1;0;0;0;0;0;0
233;1;0;.15;43146;0;0;1;0;0;0;0;0;0;0;1;0;0;0;0;0
234;1;1;.15;38104;0;0;1;0;0;0;0;0;0;0;1;0;0;0;0;0
235;1;1;.2;41901;0;0;1;0;0;0;0;0;0;0;1;0;0;0;0;0
236;1;1;.2;25829;0;0;1;0;0;0;0;0;0;0;1;0;0;0;0;0
237;1;1;.2;15480;0;0;1;0;0;0;0;0;0;0;0;1;0;0;0;0
238;1;1;.2;18461;0;0;1;0;0;0;0;0;0;0;0;1;0;0;0;0
239;1;0;.25;20716;0;0;1;0;0;0;0;0;0;0;0;1;0;0;0;0
240;1;0;.25;14492;0;0;1;0;0;0;0;0;0;0;0;1;0;0;0;0
241;1;0;.25;13004;0;0;1;0;0;0;0;0;0;0;0;0;1;0;0;0
242;1;0;.25;16754;0;0;1;0;0;0;0;0;0;0;0;0;1;0;0;0
243;1;0;.25;23268;0;0;1;0;0;0;0;0;0;0;0;0;1;0;0;0
244;1;0;.15;18972;0;0;1;0;0;0;0;0;0;0;0;0;1;0;0;0
245;1;0;.15;15531;0;0;1;0;0;0;0;0;0;0;0;0;0;1;0;0
246;1;0;.15;17154;0;0;1;0;0;0;0;0;0;0;0;0;0;1;0;0
247;1;0;.15;23416;0;0;1;0;0;0;0;0;0;0;0;0;0;1;0;0
248;1;0;.15;26541;0;0;1;0;0;0;0;0;0;0;0;0;0;1;0;0
249;1;1;.15;33592;0;0;1;0;0;0;0;0;0;0;0;0;0;0;1;0
250;1;1;.25;36235;0;0;1;0;0;0;0;0;0;0;0;0;0;0;1;0
251;1;1;.25;22372;0;0;1;0;0;0;0;0;0;0;0;0;0;0;1;0
252;1;1;.25;23876;0;0;1;0;0;0;0;0;0;0;0;0;0;0;1;0
253;1;1;.25;31600;0;0;1;0;0;0;0;0;0;0;0;0;0;0;0;1
254;1;0;.25;31419;0;0;1;0;0;0;0;0;0;0;0;0;0;0;0;1
255;1;1;.25;27814;0;0;1;0;0;0;0;0;0;0;0;0;0;0;0;1
256;1;1;.25;32530;0;0;1;0;0;0;0;0;0;0;0;0;0;0;0;1
257;1;1;.25;33624;0;0;1;0;0;0;0;0;0;0;0;0;0;0;0;0
258;0;1;.25;34718;0;0;1;0;0;0;0;0;0;0;0;0;0;0;0;0
259;0;1;.25;35812;0;0;1;0;0;0;0;0;0;0;0;0;0;0;0;0
260;0;1;.25;26844;0;0;1;0;0;0;0;0;0;0;0;0;0;0;0;0
261;0;1;.25;16938;0;0;1;0;1;0;0;0;0;0;0;0;0;0;0;0
262;0;1;.2;19362;0;0;1;0;1;0;0;0;0;0;0;0;0;0;0;0
263;0;0;.2;29761;0;0;1;0;1;0;0;0;0;0;0;0;0;0;0;0
264;0;0;.2;43777;0;0;1;0;1;0;0;0;0;0;0;0;0;0;0;0
265;0;0;.2;32995;0;0;1;0;0;1;0;0;0;0;0;0;0;0;0;0
266;0;1;.2;50340;0;0;1;0;0;1;0;0;0;0;0;0;0;0;0;0
267;0;1;.25;52131;0;0;1;0;0;1;0;0;0;0;0;0;0;0;0;0
268;0;1;.25;30913;0;0;1;0;0;1;0;0;0;0;0;0;0;0;0;0
269;0;1;.25;22887;0;0;1;0;0;0;1;0;0;0;0;0;0;0;0;0
270;0;1;.25;30911;0;0;1;0;0;0;1;0;0;0;0;0;0;0;0;0
271;0;0;.25;36354;0;0;1;0;0;0;1;0;0;0;0;0;0;0;0;0
272;0;0;.2;38989;0;0;1;0;0;0;1;0;0;0;0;0;0;0;0;0
273;0;0;.2;47087;0;0;1;0;0;0;0;1;0;0;0;0;0;0;0;0
274;0;0;.2;44805;0;0;1;0;0;0;0;1;0;0;0;0;0;0;0;0
275;0;0;.2;46694;0;0;1;0;0;0;0;1;0;0;0;0;0;0;0;0
276;0;0;.2;54188;0;0;1;0;0;0;0;1;0;0;0;0;0;0;0;0
277;0;0;.2;40650;0;0;1;0;0;0;0;0;1;0;0;0;0;0;0;0
278;0;0;.2;34674;0;0;1;0;0;0;0;0;1;0;0;0;0;0;0;0
279;0;0;.2;27430;0;0;1;0;0;0;0;0;1;0;0;0;0;0;0;0
280;0;0;.15;53360;0;0;1;0;0;0;0;0;1;0;0;0;0;0;0;0
281;1;0;.15;43018;0;0;1;0;0;0;0;0;0;1;0;0;0;0;0;0
282;1;0;.15;33691;0;0;1;0;0;0;0;0;0;1;0;0;0;0;0;0
283;1;0;.15;27424;0;0;1;0;0;0;0;0;0;1;0;0;0;0;0;0
284;1;0;.15;30120;0;0;1;0;0;0;0;0;0;1;0;0;0;0;0;0
285;1;0;.15;30488;0;0;1;0;0;0;0;0;0;0;1;0;0;0;0;0
286;1;0;.15;31223;0;0;1;0;0;0;0;0;0;0;1;0;0;0;0;0
287;1;0;.15;21562;0;0;1;0;0;0;0;0;0;0;1;0;0;0;0;0
288;1;0;.15;24892;0;0;1;0;0;0;0;0;0;0;1;0;0;0;0;0
289;1;0;.15;20864;0;0;1;0;0;0;0;0;0;0;0;1;0;0;0;0
290;1;0;.15;19128;0;0;1;0;0;0;0;0;0;0;0;1;0;0;0;0
291;1;0;.2;9778;0;0;1;0;0;0;0;0;0;0;0;1;0;0;0;0
292;1;0;.2;7528;0;0;1;0;0;0;0;0;0;0;0;1;0;0;0;0
293;1;0;.2;15773;0;0;1;0;0;0;0;0;0;0;0;0;1;0;0;0
294;1;0;.15;10737;0;0;1;0;0;0;0;0;0;0;0;0;1;0;0;0
295;1;0;.15;20881;0;0;1;0;0;0;0;0;0;0;0;0;1;0;0;0
296;1;0;.15;20970;0;0;1;0;0;0;0;0;0;0;0;0;1;0;0;0
297;1;0;.15;22835;0;0;1;0;0;0;0;0;0;0;0;0;0;1;0;0
298;1;0;.15;30986;0;0;1;0;0;0;0;0;0;0;0;0;0;1;0;0
299;1;0;.15;35308;0;0;1;0;0;0;0;0;0;0;0;0;0;1;0;0
300;1;0;.15;40034;0;0;1;0;0;0;0;0;0;0;0;0;0;1;0;0
301;1;0;.15;44776;0;0;1;0;0;0;0;0;0;0;0;0;0;0;1;0
302;1;0;.2;36288;0;0;1;0;0;0;0;0;0;0;0;0;0;0;1;0
303;1;0;.2;27158;0;0;1;0;0;0;0;0;0;0;0;0;0;0;1;0
304;1;0;.2;14622;0;0;1;0;0;0;0;0;0;0;0;0;0;0;1;0
305;1;0;.2;15259;0;0;1;0;0;0;0;0;0;0;0;0;0;0;0;1
306;1;0;.2;14680;0;0;1;0;0;0;0;0;0;0;0;0;0;0;0;1
307;1;0;.2;15114;0;0;1;0;0;0;0;0;0;0;0;0;0;0;0;1
308;1;1;.2;17686;0;0;1;0;0;0;0;0;0;0;0;0;0;0;0;1
309;1;1;.2;36336;0;0;1;0;0;0;0;0;0;0;0;0;0;0;0;0
310;0;1;.2;22569;0;0;1;0;0;0;0;0;0;0;0;0;0;0;0;0
311;0;1;.2;23342;0;0;1;0;0;0;0;0;0;0;0;0;0;0;0;0
312;0;1;.2;21269;0;0;1;0;0;0;0;0;0;0;0;0;0;0;0;0
313;0;1;.2;18340;0;0;1;0;1;0;0;0;0;0;0;0;0;0;0;0
314;0;1;.25;19440;0;0;1;0;1;0;0;0;0;0;0;0;0;0;0;0
315;0;0;.25;17056;0;0;1;0;1;0;0;0;0;0;0;0;0;0;0;0
316;0;0;.25;10713;0;0;1;0;1;0;0;0;0;0;0;0;0;0;0;0
317;0;0;.25;12836;0;0;1;0;0;1;0;0;0;0;0;0;0;0;0;0
318;0;0;.25;12344;0;0;1;0;0;1;0;0;0;0;0;0;0;0;0;0
319;0;0;.25;17868;0;0;1;0;0;1;0;0;0;0;0;0;0;0;0;0
320;0;0;.25;22789;0;0;1;0;0;1;0;0;0;0;0;0;0;0;0;0
321;0;0;.25;34851;0;0;1;0;0;0;1;0;0;0;0;0;0;0;0;0
322;0;0;.25;29997;0;0;1;0;0;0;1;0;0;0;0;0;0;0;0;0
323;0;0;.25;34010;0;0;1;0;0;0;1;0;0;0;0;0;0;0;0;0
324;0;1;.25;19686;0;0;0;1;0;0;1;0;0;0;0;0;0;0;0;0
325;0;1;.25;14757;0;0;0;1;0;0;0;1;0;0;0;0;0;0;0;0
326;0;1;.25;16502;0;0;0;1;0;0;0;1;0;0;0;0;0;0;0;0
327;0;1;.25;11490;0;0;0;1;0;0;0;1;0;0;0;0;0;0;0;0
328;0;1;.25;7843;0;0;0;1;0;0;0;1;0;0;0;0;0;0;0;0
